product_name,category,expiration_date,days_to_expiry,initial_stock,avg_daily_sales,rf_probability,lr_probability,rf_risk_label,actual_label,risk_tier,business_action
Beef,Meat,2023-08-28,1,304,97.0,0.9894,0.9469,1,1,CRITICAL,ALERT — Discount + Notify Manager
Frozen Vegetables,Frozen_Meals,2023-08-22,144,104,0.0,0.5089,0.8666,1,1,WATCH,WATCH — Flag for Review
Tomatoes,Produce,2024-05-22,4,168,68.0,0.0,0.1902,0,0,SAFE,SAFE  — No Action Needed
Fresh Pasta,Ready_to_Eat,2024-01-09,0,144,102.0,0.9983,0.8001,1,1,CRITICAL,ALERT — Discount + Notify Manager
Pastries,Bakery,2023-09-01,1,429,338.0,0.2942,0.9803,0,1,SAFE,SAFE  — No Action Needed
Pizza,Frozen_Meals,2024-11-30,211,219,0.0,0.6718,0.8056,1,1,WATCH,WATCH — Flag for Review
Shrimp,Seafood,2024-02-01,0,370,139.0,0.9748,0.881,1,1,CRITICAL,ALERT — Discount + Notify Manager
Vaccines,Pharmaceuticals,2025-02-05,299,436,5.0,0.9999,0.5864,1,1,CRITICAL,ALERT — Discount + Notify Manager
Wraps,Ready_to_Eat,2023-05-08,1,348,141.0,0.9895,0.9919,1,1,CRITICAL,ALERT — Discount + Notify Manager
Cold Brew Coffee,Beverages,2024-05-13,8,452,42.0,0.9977,0.788,1,1,CRITICAL,ALERT — Discount + Notify Manager
Sausages,Meat,2023-12-01,2,168,95.0,0.9808,0.7111,1,1,CRITICAL,ALERT — Discount + Notify Manager
Salads,Ready_to_Eat,2024-06-27,0,79,116.0,0.0,0.2093,0,0,SAFE,SAFE  — No Action Needed
Chicken,Meat,2024-04-14,1,473,271.0,0.9862,0.93,1,0,CRITICAL,ALERT — Discount + Notify Manager
Tomatoes,Produce,2023-01-17,12,396,39.0,0.0,0.0186,0,0,SAFE,SAFE  — No Action Needed
Ground Beef,Meat,2024-06-04,7,427,77.0,0.0,0.0102,0,0,SAFE,SAFE  — No Action Needed
Frozen Vegetables,Frozen_Meals,2024-01-05,52,183,8.0,0.0,0.0805,0,0,SAFE,SAFE  — No Action Needed
Turkey,Meat,2023-09-17,2,140,75.0,0.0024,0.4037,0,0,SAFE,SAFE  — No Action Needed
Antibiotics,Pharmaceuticals,2025-07-21,448,182,5.0,0.0,0.0456,0,0,SAFE,SAFE  — No Action Needed
Vaccines,Pharmaceuticals,2025-03-17,346,437,2.0,0.0,0.0052,0,0,SAFE,SAFE  — No Action Needed
Lettuce,Produce,2024-04-15,11,144,16.0,0.0,0.1692,0,0,SAFE,SAFE  — No Action Needed
Bagels,Bakery,2023-02-13,2,283,46.0,0.5725,0.7778,1,1,WATCH,WATCH — Flag for Review
Salmon,Seafood,2024-10-20,0,372,275.0,0.0,0.046,0,0,SAFE,SAFE  — No Action Needed
Soups,Ready_to_Eat,2023-09-25,4,432,122.0,0.0024,0.3793,0,0,SAFE,SAFE  — No Action Needed
Ice Cream,Frozen_Meals,2024-09-05,164,353,0.0,0.9994,0.7999,1,1,CRITICAL,ALERT — Discount + Notify Manager
Pastries,Bakery,2024-05-28,1,157,62.0,0.8784,0.6734,1,1,CRITICAL,ALERT — Discount + Notify Manager
Beef,Meat,2023-09-22,3,167,50.0,0.5139,0.6969,1,0,WATCH,WATCH — Flag for Review
Tuna,Seafood,2024-05-16,2,228,112.0,0.0,0.0963,0,0,SAFE,SAFE  — No Action Needed
Chicken,Meat,2023-05-29,5,184,35.0,0.0,0.0729,0,0,SAFE,SAFE  — No Action Needed
Dips,Deli,2024-01-16,7,393,72.0,0.0,0.0282,0,0,SAFE,SAFE  — No Action Needed
Salami,Deli,2023-07-26,6,412,68.0,0.0,0.6888,0,0,SAFE,SAFE  — No Action Needed
Soups,Ready_to_Eat,2023-03-07,4,215,83.0,0.0,0.1393,0,0,SAFE,SAFE  — No Action Needed
Shrimp,Seafood,2024-02-04,0,145,146.0,0.0,0.1429,0,0,SAFE,SAFE  — No Action Needed
Sushi,Ready_to_Eat,2024-08-04,1,143,42.0,0.9747,0.8498,1,1,CRITICAL,ALERT — Discount + Notify Manager
Tuna,Seafood,2024-06-05,3,323,105.0,0.0,0.554,0,0,SAFE,SAFE  — No Action Needed
Salmon,Seafood,2024-03-22,4,271,125.0,0.0,0.0704,0,0,SAFE,SAFE  — No Action Needed
Kombucha,Beverages,2024-06-11,17,472,21.0,0.0,0.0098,0,0,SAFE,SAFE  — No Action Needed
Turkey Slices,Deli,2024-03-25,10,457,72.0,0.0,0.0112,0,0,SAFE,SAFE  — No Action Needed
Lobster,Seafood,2023-12-04,3,493,140.0,0.0067,0.8595,0,0,SAFE,SAFE  — No Action Needed
Sausages,Meat,2023-07-01,6,354,132.0,0.0,0.0334,0,0,SAFE,SAFE  — No Action Needed
Berries,Produce,2024-11-27,6,240,30.0,0.4026,0.9079,0,0,WATCH,WATCH — Flag for Review
Pastries,Bakery,2023-12-18,3,235,84.0,0.0082,0.3451,0,0,SAFE,SAFE  — No Action Needed
Tilapia,Seafood,2023-10-03,4,440,83.0,0.908,0.8292,1,1,CRITICAL,ALERT — Discount + Notify Manager
Chicken,Meat,2023-09-01,5,421,70.0,0.0,0.2297,0,0,SAFE,SAFE  — No Action Needed
Hummus,Deli,2024-02-09,2,311,137.0,0.998,0.8546,1,1,CRITICAL,ALERT — Discount + Notify Manager
Bagels,Bakery,2023-12-31,2,217,119.0,0.9842,0.735,1,1,CRITICAL,ALERT — Discount + Notify Manager
Biologics,Pharmaceuticals,2024-04-15,449,292,1.0,0.0,0.0177,0,0,SAFE,SAFE  — No Action Needed
Ice Cream,Frozen_Meals,2023-08-01,98,288,4.0,0.0,0.0467,0,0,SAFE,SAFE  — No Action Needed
Dips,Deli,2024-11-27,3,274,71.0,0.2668,0.9278,0,0,SAFE,SAFE  — No Action Needed
Salami,Deli,2023-06-10,5,203,35.0,0.0,0.5263,0,0,SAFE,SAFE  — No Action Needed
Kombucha,Beverages,2024-06-06,27,237,8.0,0.0,0.1084,0,0,SAFE,SAFE  — No Action Needed
Salmon,Seafood,2024-05-24,1,474,184.0,0.0,0.5742,0,0,SAFE,SAFE  — No Action Needed
Tilapia,Seafood,2023-09-02,3,387,80.0,0.0,0.6995,0,0,SAFE,SAFE  — No Action Needed
Biologics,Pharmaceuticals,2024-09-21,471,317,2.0,0.0,0.0203,0,0,SAFE,SAFE  — No Action Needed
Apples,Produce,2024-05-22,3,218,74.0,0.9971,0.642,1,1,CRITICAL,ALERT — Discount + Notify Manager
Chicken,Meat,2023-10-27,3,360,123.0,0.0,0.021,0,0,SAFE,SAFE  — No Action Needed
Pastries,Bakery,2024-09-11,5,392,132.0,0.0,0.0148,0,0,SAFE,SAFE  — No Action Needed
Crab,Seafood,2023-02-05,3,247,79.0,0.0016,0.5512,0,0,SAFE,SAFE  — No Action Needed
Cakes,Bakery,2024-12-19,5,464,221.0,0.0,0.0226,0,0,SAFE,SAFE  — No Action Needed
Salads,Ready_to_Eat,2023-06-14,1,294,224.0,0.0,0.6676,0,0,SAFE,SAFE  — No Action Needed
Biologics,Pharmaceuticals,2024-07-13,417,397,0.0,0.363,0.7804,0,0,SAFE,SAFE  — No Action Needed
Sandwiches,Ready_to_Eat,2024-12-30,2,239,163.0,0.0,0.145,0,0,SAFE,SAFE  — No Action Needed
Frozen Dinners,Frozen_Meals,2024-04-21,144,487,4.0,0.0,0.0082,0,0,SAFE,SAFE  — No Action Needed
Croissants,Bakery,2024-09-12,5,356,69.0,0.0024,0.0263,0,0,SAFE,SAFE  — No Action Needed
Ground Beef,Meat,2024-03-21,2,76,42.0,0.0,0.1679,0,0,SAFE,SAFE  — No Action Needed
Sour Cream,Dairy,2024-05-29,16,182,9.0,0.2573,0.7158,0,0,SAFE,SAFE  — No Action Needed
Pastries,Bakery,2024-04-30,0,215,183.0,0.0,0.0758,0,0,SAFE,SAFE  — No Action Needed
Shrimp,Seafood,2023-12-11,4,473,100.0,0.0,0.0171,0,0,SAFE,SAFE  — No Action Needed
Chicken,Meat,2023-10-01,3,482,119.0,0.3639,0.9869,0,0,SAFE,SAFE  — No Action Needed
Fresh Juice,Beverages,2024-08-29,12,499,79.0,0.0,0.005,0,0,SAFE,SAFE  — No Action Needed
Ground Beef,Meat,2024-08-04,2,447,133.0,0.0033,0.0462,0,0,SAFE,SAFE  — No Action Needed
Grapes,Produce,2023-05-22,8,197,25.0,0.0,0.1194,0,0,SAFE,SAFE  — No Action Needed
Salads,Ready_to_Eat,2024-10-30,4,269,129.0,0.0,0.1017,0,0,SAFE,SAFE  — No Action Needed
Butter,Dairy,2024-07-05,16,393,23.0,0.9911,0.6151,1,1,CRITICAL,ALERT — Discount + Notify Manager
Frozen Dinners,Frozen_Meals,2024-05-06,200,34,0.0,0.1973,0.9072,0,0,SAFE,SAFE  — No Action Needed
Frozen Vegetables,Frozen_Meals,2024-02-26,99,271,2.0,0.0,0.0653,0,0,SAFE,SAFE  — No Action Needed
Frozen Vegetables,Frozen_Meals,2024-04-09,225,283,1.0,0.1245,0.4048,0,0,SAFE,SAFE  — No Action Needed
Insulin,Pharmaceuticals,2025-04-23,398,308,0.0,0.1062,0.7864,0,1,SAFE,SAFE  — No Action Needed
Soups,Ready_to_Eat,2023-03-13,1,465,331.0,0.0,0.2309,0,0,SAFE,SAFE  — No Action Needed
Milk Alternatives,Beverages,2023-06-08,26,438,12.0,0.2567,0.8138,0,0,SAFE,SAFE  — No Action Needed
Salmon,Seafood,2023-10-18,0,365,232.0,0.9879,0.0996,1,1,CRITICAL,ALERT — Discount + Notify Manager
Vaccines,Pharmaceuticals,2025-03-24,481,320,3.0,0.0,0.0135,0,0,SAFE,SAFE  — No Action Needed
Salami,Deli,2024-05-23,6,482,78.0,0.9993,0.8271,1,1,CRITICAL,ALERT — Discount + Notify Manager
Salads,Ready_to_Eat,2023-07-22,1,174,95.0,0.0089,0.3525,0,0,SAFE,SAFE  — No Action Needed
Sausages,Meat,2024-07-02,6,12,0.0,0.9713,0.8808,1,1,CRITICAL,ALERT — Discount + Notify Manager
Eye Drops,Pharmaceuticals,2023-11-03,295,150,0.0,0.4527,0.9032,0,1,WATCH,WATCH — Flag for Review
Soups,Ready_to_Eat,2024-01-03,2,146,62.0,0.0086,0.1773,0,0,SAFE,SAFE  — No Action Needed
Salmon,Seafood,2024-03-25,1,100,41.0,0.0054,0.5076,0,0,SAFE,SAFE  — No Action Needed
Tilapia,Seafood,2023-01-29,0,171,145.0,0.0,0.1622,0,0,SAFE,SAFE  — No Action Needed
Muffins,Bakery,2023-11-29,3,67,35.0,0.932,0.6088,1,1,CRITICAL,ALERT — Discount + Notify Manager
Insulin,Pharmaceuticals,2024-01-09,289,136,0.0,0.3799,0.8592,0,1,SAFE,SAFE  — No Action Needed
Ice Cream,Frozen_Meals,2025-01-25,170,104,0.0,0.3521,0.8675,0,0,SAFE,SAFE  — No Action Needed
Pastries,Bakery,2024-04-11,1,381,125.0,0.9845,0.8984,1,1,CRITICAL,ALERT — Discount + Notify Manager
Butter,Dairy,2024-11-04,12,44,0.0,0.9947,0.8707,1,1,CRITICAL,ALERT — Discount + Notify Manager
Prepared Salads,Deli,2024-04-12,3,190,86.0,0.0,0.1112,0,0,SAFE,SAFE  — No Action Needed
Wraps,Ready_to_Eat,2023-10-24,2,109,52.0,0.9837,0.6706,1,1,CRITICAL,ALERT — Discount + Notify Manager
Salads,Ready_to_Eat,2024-10-04,0,16,8.0,0.0,0.2943,0,0,SAFE,SAFE  — No Action Needed
Insulin,Pharmaceuticals,2024-02-11,360,34,1.0,0.0,0.1579,0,0,SAFE,SAFE  — No Action Needed
Ham,Deli,2024-11-26,2,299,169.0,0.9915,0.8076,1,1,CRITICAL,ALERT — Discount + Notify Manager
Milk Alternatives,Beverages,2024-06-29,23,306,15.0,0.0,0.0426,0,0,SAFE,SAFE  — No Action Needed
Frozen Dinners,Frozen_Meals,2024-07-06,231,53,0.0,0.116,0.8082,0,1,SAFE,SAFE  — No Action Needed
Muffins,Bakery,2023-07-10,2,83,80.0,0.0,0.2312,0,0,SAFE,SAFE  — No Action Needed
Bread,Bakery,2023-07-09,2,82,40.0,0.0118,0.2883,0,0,SAFE,SAFE  — No Action Needed
Salami,Deli,2023-05-08,4,399,85.0,0.2924,0.7556,0,0,SAFE,SAFE  — No Action Needed
Insulin,Pharmaceuticals,2024-04-26,408,377,1.0,0.0,0.0124,0,0,SAFE,SAFE  — No Action Needed
Avocados,Produce,2024-01-16,12,20,2.0,0.0,0.2093,0,0,SAFE,SAFE  — No Action Needed
Fresh Juice,Beverages,2025-01-26,28,412,11.0,0.0,0.2589,0,0,SAFE,SAFE  — No Action Needed
Insulin,Pharmaceuticals,2025-03-27,151,288,2.0,0.0,0.0215,0,0,SAFE,SAFE  — No Action Needed
Fresh Juice,Beverages,2023-10-26,16,47,0.0,0.9984,0.8703,1,1,CRITICAL,ALERT — Discount + Notify Manager
Frozen Dinners,Frozen_Meals,2023-10-19,155,326,1.0,0.2558,0.7769,0,0,SAFE,SAFE  — No Action Needed
Kombucha,Beverages,2024-10-14,19,235,5.0,0.9194,0.9669,1,1,CRITICAL,ALERT — Discount + Notify Manager
Lamb,Meat,2023-09-17,6,10,2.0,0.9068,0.5102,1,1,CRITICAL,ALERT — Discount + Notify Manager
Chicken,Meat,2024-07-05,3,247,87.0,0.0,0.1037,0,0,SAFE,SAFE  — No Action Needed
Frozen Dinners,Frozen_Meals,2024-01-08,205,159,1.0,0.0,0.0878,0,0,SAFE,SAFE  — No Action Needed
Cream,Dairy,2023-07-31,18,192,19.0,0.9936,0.5117,1,1,CRITICAL,ALERT — Discount + Notify Manager
Chicken,Meat,2023-02-28,3,297,89.0,0.0,0.0899,0,0,SAFE,SAFE  — No Action Needed
Ground Beef,Meat,2023-07-22,1,461,229.0,0.1668,0.9699,0,0,SAFE,SAFE  — No Action Needed
Antibiotics,Pharmaceuticals,2023-11-05,276,486,2.0,0.0,0.0035,0,0,SAFE,SAFE  — No Action Needed
Butter,Dairy,2024-05-22,18,450,30.0,0.0,0.0085,0,0,SAFE,SAFE  — No Action Needed
Wraps,Ready_to_Eat,2023-08-24,0,453,330.0,0.0,0.0176,0,0,SAFE,SAFE  — No Action Needed
Ham,Deli,2024-02-11,6,281,32.0,0.3631,0.9051,0,0,SAFE,SAFE  — No Action Needed
Apples,Produce,2023-02-25,16,62,3.0,0.0013,0.2815,0,0,SAFE,SAFE  — No Action Needed
Turkey,Meat,2024-03-09,1,421,194.0,0.0154,0.1704,0,0,SAFE,SAFE  — No Action Needed
Lettuce,Produce,2024-01-25,15,45,5.0,0.9622,0.5401,1,1,CRITICAL,ALERT — Discount + Notify Manager
Pork,Meat,2023-02-22,7,47,14.0,0.0,0.2353,0,0,SAFE,SAFE  — No Action Needed
Antibiotics,Pharmaceuticals,2024-10-25,35,500,23.0,0.0,0.0038,0,0,SAFE,SAFE  — No Action Needed
Pastries,Bakery,2024-05-02,0,120,64.0,0.0,0.1205,0,0,SAFE,SAFE  — No Action Needed
Smoothies,Beverages,2024-03-24,16,31,0.0,0.9988,0.8721,1,1,CRITICAL,ALERT — Discount + Notify Manager
Tilapia,Seafood,2023-05-13,0,363,280.0,0.0,0.0352,0,0,SAFE,SAFE  — No Action Needed
Cream,Dairy,2024-08-31,6,98,9.0,0.5521,0.8703,1,0,WATCH,WATCH — Flag for Review
Smoothies,Beverages,2024-04-22,18,178,5.0,0.2923,0.8879,0,0,SAFE,SAFE  — No Action Needed
Chicken,Meat,2024-07-06,5,422,84.0,0.0,0.0161,0,0,SAFE,SAFE  — No Action Needed
Ham,Deli,2024-08-24,8,48,8.0,0.0,0.2264,0,0,SAFE,SAFE  — No Action Needed
Dips,Deli,2023-10-16,5,310,40.0,0.0,0.0523,0,0,SAFE,SAFE  — No Action Needed
Muffins,Bakery,2024-06-21,1,276,102.0,0.9979,0.9607,1,1,CRITICAL,ALERT — Discount + Notify Manager
Donuts,Bakery,2024-08-31,1,117,106.0,0.0248,0.1817,0,0,SAFE,SAFE  — No Action Needed
Cold Brew Coffee,Beverages,2023-11-24,10,97,11.0,0.0,0.1106,0,0,SAFE,SAFE  — No Action Needed
Muffins,Bakery,2023-01-13,2,211,65.0,0.0,0.118,0,0,SAFE,SAFE  — No Action Needed
Apples,Produce,2024-12-01,1,304,102.0,0.9895,0.9143,1,1,CRITICAL,ALERT — Discount + Notify Manager
Sushi,Ready_to_Eat,2024-01-13,4,90,44.0,0.0,0.2215,0,0,SAFE,SAFE  — No Action Needed
Lobster,Seafood,2024-07-25,5,311,57.0,0.0,0.6731,0,0,SAFE,SAFE  — No Action Needed
Avocados,Produce,2023-06-14,11,37,0.0,0.9523,0.9184,1,1,CRITICAL,ALERT — Discount + Notify Manager
Kombucha,Beverages,2024-06-15,15,391,20.0,0.3412,0.8798,0,0,SAFE,SAFE  — No Action Needed
Milk Alternatives,Beverages,2024-05-12,15,239,18.0,0.0,0.1115,0,0,SAFE,SAFE  — No Action Needed
Shrimp,Seafood,2024-06-21,3,470,187.0,0.0,0.0154,0,0,SAFE,SAFE  — No Action Needed
Bread,Bakery,2023-05-02,5,103,20.0,0.0,0.149,0,0,SAFE,SAFE  — No Action Needed
Bread,Bakery,2024-12-29,3,229,101.0,0.9989,0.7241,1,1,CRITICAL,ALERT — Discount + Notify Manager
Prepared Salads,Deli,2024-09-28,3,219,100.0,0.0,0.0897,0,0,SAFE,SAFE  — No Action Needed
Croissants,Bakery,2024-12-05,2,153,71.0,0.9864,0.5683,1,1,CRITICAL,ALERT — Discount + Notify Manager
Tomatoes,Produce,2024-08-27,9,367,81.0,0.0,0.0269,0,0,SAFE,SAFE  — No Action Needed
Salmon,Seafood,2023-09-27,2,492,236.0,0.0,0.0101,0,0,SAFE,SAFE  — No Action Needed
Croissants,Bakery,2023-06-20,4,192,41.0,0.0,0.1279,0,0,SAFE,SAFE  — No Action Needed
Ham,Deli,2023-02-24,4,243,66.0,0.0,0.0662,0,0,SAFE,SAFE  — No Action Needed
Milk,Dairy,2024-03-01,4,428,149.0,0.0,0.0115,0,0,SAFE,SAFE  — No Action Needed
Ice Cream,Frozen_Meals,2024-10-15,172,490,1.0,0.3488,0.961,0,0,SAFE,SAFE  — No Action Needed
Milk Alternatives,Beverages,2024-10-27,9,343,24.0,0.0,0.4415,0,0,SAFE,SAFE  — No Action Needed
Cold Brew Coffee,Beverages,2023-06-26,14,18,3.0,0.0,0.1916,0,0,SAFE,SAFE  — No Action Needed
Sausages,Meat,2024-12-15,3,168,64.0,0.0048,0.3839,0,0,SAFE,SAFE  — No Action Needed
Cold Brew Coffee,Beverages,2024-05-07,17,384,34.0,0.0,0.0117,0,0,SAFE,SAFE  — No Action Needed
Fresh Juice,Beverages,2024-04-22,24,476,16.0,0.0,0.65,0,0,SAFE,SAFE  — No Action Needed
Salmon,Seafood,2023-03-05,7,12,4.0,0.0,0.2303,0,0,SAFE,SAFE  — No Action Needed
Smoothies,Beverages,2023-03-01,23,135,7.0,0.0,0.1364,0,0,SAFE,SAFE  — No Action Needed
Dips,Deli,2023-01-11,3,309,132.0,0.9941,0.716,1,1,CRITICAL,ALERT — Discount + Notify Manager
Cod,Seafood,2024-06-16,1,185,197.0,0.9519,0.7925,1,1,CRITICAL,ALERT — Discount + Notify Manager
Soups,Ready_to_Eat,2023-03-27,0,419,172.0,0.0,0.0228,0,0,SAFE,SAFE  — No Action Needed
Biologics,Pharmaceuticals,2025-05-01,518,429,0.0,0.2579,0.7697,0,0,SAFE,SAFE  — No Action Needed
Shrimp,Seafood,2023-11-24,4,451,127.0,0.0,0.0149,0,0,SAFE,SAFE  — No Action Needed
Crab,Seafood,2024-01-09,3,295,108.0,0.0056,0.0574,0,0,SAFE,SAFE  — No Action Needed
Milk Alternatives,Beverages,2023-06-13,20,391,20.0,0.0,0.0202,0,0,SAFE,SAFE  — No Action Needed
Pastries,Bakery,2023-07-01,3,101,33.0,0.9907,0.614,1,1,CRITICAL,ALERT — Discount + Notify Manager
Hummus,Deli,2023-03-28,8,460,47.0,0.0,0.0108,0,0,SAFE,SAFE  — No Action Needed
Ham,Deli,2024-09-01,10,197,18.0,0.9683,0.6229,1,1,CRITICAL,ALERT — Discount + Notify Manager
Tomatoes,Produce,2023-07-01,5,47,15.0,0.0,0.2484,0,0,SAFE,SAFE  — No Action Needed
Bananas,Produce,2023-09-18,2,96,45.0,0.0,0.2949,0,0,SAFE,SAFE  — No Action Needed
Pastries,Bakery,2023-02-17,4,241,100.0,0.0,0.0716,0,0,SAFE,SAFE  — No Action Needed
Cream,Dairy,2023-07-05,21,493,27.0,0.0,0.0038,0,0,SAFE,SAFE  — No Action Needed
Vaccines,Pharmaceuticals,2025-03-12,327,395,1.0,0.0,0.0074,0,0,SAFE,SAFE  — No Action Needed
Tomatoes,Produce,2024-04-01,19,126,9.0,0.9766,0.4816,1,1,CRITICAL,ALERT — Discount + Notify Manager
Sour Cream,Dairy,2024-06-18,17,232,9.0,0.3731,0.6702,0,0,SAFE,SAFE  — No Action Needed
Sausages,Meat,2024-10-15,5,95,11.0,0.9366,0.5675,1,1,CRITICAL,ALERT — Discount + Notify Manager
Milk,Dairy,2024-11-02,7,462,45.0,0.9829,0.8502,1,1,CRITICAL,ALERT — Discount + Notify Manager
Lamb,Meat,2024-05-02,5,488,216.0,0.9991,0.8889,1,1,CRITICAL,ALERT — Discount + Notify Manager
Wraps,Ready_to_Eat,2023-04-03,3,156,57.0,0.0,0.1463,0,0,SAFE,SAFE  — No Action Needed
Beef,Meat,2023-02-11,3,82,11.0,0.4465,0.8254,0,1,WATCH,WATCH — Flag for Review
Probiotics,Pharmaceuticals,2024-10-25,232,71,2.0,0.9941,0.485,1,1,CRITICAL,ALERT — Discount + Notify Manager
Smoothies,Beverages,2023-02-04,22,264,17.0,0.0,0.0406,0,0,SAFE,SAFE  — No Action Needed
Lobster,Seafood,2023-11-29,3,219,95.0,0.991,0.7479,1,1,CRITICAL,ALERT — Discount + Notify Manager
Croissants,Bakery,2023-07-05,3,440,184.0,0.9982,0.8462,1,1,CRITICAL,ALERT — Discount + Notify Manager
Beef,Meat,2024-02-18,1,461,118.0,0.9958,0.9996,1,1,CRITICAL,ALERT — Discount + Notify Manager
Biologics,Pharmaceuticals,2024-01-20,285,367,1.0,0.0,0.012,0,0,SAFE,SAFE  — No Action Needed
Butter,Dairy,2023-05-08,18,17,1.0,0.0,0.1967,0,0,SAFE,SAFE  — No Action Needed
Pastries,Bakery,2024-10-30,1,95,51.0,0.0498,0.7008,0,0,SAFE,SAFE  — No Action Needed
Salads,Ready_to_Eat,2024-10-22,0,65,54.0,0.0,0.2676,0,0,SAFE,SAFE  — No Action Needed
Beef,Meat,2024-02-26,3,50,16.0,0.0105,0.3541,0,0,SAFE,SAFE  — No Action Needed
Probiotics,Pharmaceuticals,2023-08-27,39,60,1.0,0.7641,0.4013,1,1,CRITICAL,ALERT — Discount + Notify Manager
Fresh Juice,Beverages,2023-09-27,20,319,12.0,0.224,0.6221,0,0,SAFE,SAFE  — No Action Needed
Sausages,Meat,2024-01-17,10,17,0.0,0.9737,0.8802,1,1,CRITICAL,ALERT — Discount + Notify Manager
Turkey,Meat,2023-07-01,4,385,104.0,0.0019,0.0609,0,0,SAFE,SAFE  — No Action Needed
Wraps,Ready_to_Eat,2023-12-12,1,204,73.0,0.0027,0.3977,0,0,SAFE,SAFE  — No Action Needed
Salads,Ready_to_Eat,2023-10-07,4,368,107.0,0.0058,0.2747,0,0,SAFE,SAFE  — No Action Needed
Muffins,Bakery,2024-06-23,5,347,76.0,0.0,0.0275,0,0,SAFE,SAFE  — No Action Needed
Berries,Produce,2024-01-28,6,486,60.0,0.0,0.0382,0,0,SAFE,SAFE  — No Action Needed
Tuna,Seafood,2023-07-13,4,214,47.0,0.0,0.514,0,0,SAFE,SAFE  — No Action Needed
Antibiotics,Pharmaceuticals,2025-04-28,179,68,2.0,0.0,0.1885,0,0,SAFE,SAFE  — No Action Needed
Berries,Produce,2024-04-26,8,213,28.0,0.0024,0.0809,0,0,SAFE,SAFE  — No Action Needed
Salads,Ready_to_Eat,2023-05-19,4,240,79.0,0.0,0.0788,0,0,SAFE,SAFE  — No Action Needed
Vaccines,Pharmaceuticals,2024-03-20,146,381,1.0,0.3732,0.9782,0,0,SAFE,SAFE  — No Action Needed
Kombucha,Beverages,2023-04-16,6,50,10.0,0.0,0.1572,0,0,SAFE,SAFE  — No Action Needed
Cold Brew Coffee,Beverages,2023-12-19,20,284,15.0,0.0,0.0495,0,0,SAFE,SAFE  — No Action Needed
Cod,Seafood,2024-11-27,0,105,67.0,0.0,0.2221,0,0,SAFE,SAFE  — No Action Needed
Pizza,Frozen_Meals,2023-07-26,103,403,1.0,0.941,0.9913,1,1,CRITICAL,ALERT — Discount + Notify Manager
Ground Beef,Meat,2023-03-31,2,337,145.0,0.0,0.0409,0,0,SAFE,SAFE  — No Action Needed
Dips,Deli,2023-02-20,4,279,70.0,0.0,0.0347,0,0,SAFE,SAFE  — No Action Needed
Fresh Pasta,Ready_to_Eat,2023-06-04,2,105,32.0,0.9368,0.6104,1,0,CRITICAL,ALERT — Discount + Notify Manager
Butter,Dairy,2024-05-02,18,73,1.0,0.9282,0.8378,1,1,CRITICAL,ALERT — Discount + Notify Manager
Cheese,Dairy,2023-05-27,16,466,30.0,0.0,0.0073,0,0,SAFE,SAFE  — No Action Needed
Avocados,Produce,2023-03-16,7,354,33.0,0.9642,0.6812,1,1,CRITICAL,ALERT — Discount + Notify Manager
Antibiotics,Pharmaceuticals,2025-11-04,424,297,1.0,0.0,0.0168,0,0,SAFE,SAFE  — No Action Needed
Vaccines,Pharmaceuticals,2026-02-20,522,343,0.0,0.4494,0.7772,0,0,WATCH,WATCH — Flag for Review
Vaccines,Pharmaceuticals,2024-01-14,169,218,1.0,0.2109,0.6627,0,0,SAFE,SAFE  — No Action Needed
Lettuce,Produce,2023-04-17,5,477,51.0,0.4512,0.9892,0,0,WATCH,WATCH — Flag for Review
Cold Brew Coffee,Beverages,2024-09-19,10,135,9.0,0.9401,0.5639,1,1,CRITICAL,ALERT — Discount + Notify Manager
Pizza,Frozen_Meals,2024-09-12,57,297,7.0,0.9889,0.7045,1,1,CRITICAL,ALERT — Discount + Notify Manager
Berries,Produce,2024-01-09,11,268,22.0,0.0,0.1704,0,0,SAFE,SAFE  — No Action Needed
Prepared Salads,Deli,2024-01-25,2,469,243.0,0.0,0.0161,0,0,SAFE,SAFE  — No Action Needed
Sausages,Meat,2024-09-05,2,315,136.0,0.0,0.1355,0,0,SAFE,SAFE  — No Action Needed
Cakes,Bakery,2024-01-14,2,275,220.0,0.9946,0.7382,1,1,CRITICAL,ALERT — Discount + Notify Manager
Kombucha,Beverages,2023-07-09,21,298,29.0,0.0,0.0206,0,0,SAFE,SAFE  — No Action Needed
Probiotics,Pharmaceuticals,2024-05-10,242,292,1.0,0.0,0.135,0,0,SAFE,SAFE  — No Action Needed
Kombucha,Beverages,2023-02-28,12,479,29.0,0.0,0.0291,0,0,SAFE,SAFE  — No Action Needed
Cottage Cheese,Dairy,2023-06-14,14,289,34.0,0.0,0.0411,0,0,SAFE,SAFE  — No Action Needed
Probiotics,Pharmaceuticals,2025-01-27,235,342,1.0,0.2621,0.6426,0,1,SAFE,SAFE  — No Action Needed
Butter,Dairy,2023-10-24,10,275,30.0,0.9998,0.7492,1,1,CRITICAL,ALERT — Discount + Notify Manager
Pastries,Bakery,2024-10-08,2,220,68.0,0.0082,0.475,0,0,SAFE,SAFE  — No Action Needed
Crab,Seafood,2024-11-18,0,406,250.0,0.0,0.0332,0,0,SAFE,SAFE  — No Action Needed
Apples,Produce,2023-12-27,4,401,73.0,0.0,0.2209,0,0,SAFE,SAFE  — No Action Needed
Biologics,Pharmaceuticals,2024-12-19,247,157,3.0,0.0,0.0906,0,0,SAFE,SAFE  — No Action Needed
Sushi,Ready_to_Eat,2024-02-08,2,16,7.0,0.0112,0.3467,0,0,SAFE,SAFE  — No Action Needed
Pork,Meat,2023-04-02,6,340,56.0,0.0,0.037,0,0,SAFE,SAFE  — No Action Needed
Crab,Seafood,2023-12-14,4,496,192.0,0.0,0.0128,0,0,SAFE,SAFE  — No Action Needed
Cod,Seafood,2024-12-23,1,420,267.0,0.9936,0.8905,1,1,CRITICAL,ALERT — Discount + Notify Manager
Cold Brew Coffee,Beverages,2024-05-24,19,188,4.0,0.3777,0.8622,0,0,SAFE,SAFE  — No Action Needed
Salads,Ready_to_Eat,2023-09-21,4,475,142.0,0.9964,0.867,1,1,CRITICAL,ALERT — Discount + Notify Manager
Cold Brew Coffee,Beverages,2023-10-29,13,26,2.0,0.0,0.2544,0,0,SAFE,SAFE  — No Action Needed
Pork,Meat,2024-10-12,3,470,126.0,0.0,0.0305,0,0,SAFE,SAFE  — No Action Needed
Donuts,Bakery,2023-02-05,0,188,87.0,0.97,0.6017,1,1,CRITICAL,ALERT — Discount + Notify Manager
Fresh Pasta,Ready_to_Eat,2023-10-20,0,214,99.0,0.9995,0.674,1,1,CRITICAL,ALERT — Discount + Notify Manager
Soups,Ready_to_Eat,2024-05-07,1,283,231.0,0.2996,0.9569,0,0,SAFE,SAFE  — No Action Needed
Eye Drops,Pharmaceuticals,2025-07-05,229,495,0.0,0.9864,0.8996,1,1,CRITICAL,ALERT — Discount + Notify Manager
Fresh Pasta,Ready_to_Eat,2024-08-05,1,371,124.0,0.7504,0.8282,1,1,CRITICAL,ALERT — Discount + Notify Manager
Tuna,Seafood,2023-10-14,2,454,139.0,0.0026,0.0786,0,0,SAFE,SAFE  — No Action Needed
Cream,Dairy,2023-09-23,7,109,14.0,0.2388,0.5329,0,0,SAFE,SAFE  — No Action Needed
Pizza,Frozen_Meals,2023-11-27,220,347,3.0,0.0,0.018,0,0,SAFE,SAFE  — No Action Needed
Frozen Desserts,Frozen_Meals,2025-01-18,182,87,2.0,0.0,0.1079,0,0,SAFE,SAFE  — No Action Needed
Probiotics,Pharmaceuticals,2024-05-05,148,220,6.0,0.0,0.0574,0,0,SAFE,SAFE  — No Action Needed
Milk Alternatives,Beverages,2024-09-16,14,332,29.0,0.0,0.0157,0,0,SAFE,SAFE  — No Action Needed
Cakes,Bakery,2023-05-28,1,478,139.0,0.9831,0.974,1,1,CRITICAL,ALERT — Discount + Notify Manager
Antibiotics,Pharmaceuticals,2024-05-09,366,26,2.0,0.0,0.2289,0,0,SAFE,SAFE  — No Action Needed
Salads,Ready_to_Eat,2023-05-17,0,13,21.0,0.9727,0.4512,1,1,CRITICAL,ALERT — Discount + Notify Manager
Lobster,Seafood,2024-07-30,2,170,41.0,0.0,0.4412,0,0,SAFE,SAFE  — No Action Needed
Insulin,Pharmaceuticals,2026-02-25,469,273,0.0,0.4429,0.7849,0,0,WATCH,WATCH — Flag for Review
Cold Brew Coffee,Beverages,2024-09-26,10,19,1.0,0.3538,0.6643,0,1,SAFE,SAFE  — No Action Needed
Frozen Vegetables,Frozen_Meals,2023-10-30,115,24,1.0,0.0,0.183,0,0,SAFE,SAFE  — No Action Needed
Lobster,Seafood,2024-03-15,2,390,163.0,0.0,0.0424,0,0,SAFE,SAFE  — No Action Needed
Frozen Dinners,Frozen_Meals,2025-02-12,191,500,4.0,0.9477,0.4674,1,1,CRITICAL,ALERT — Discount + Notify Manager
Lobster,Seafood,2024-12-21,0,444,352.0,0.0,0.0464,0,0,SAFE,SAFE  — No Action Needed
Salads,Ready_to_Eat,2023-05-15,0,96,103.0,0.0,0.3339,0,0,SAFE,SAFE  — No Action Needed
Lettuce,Produce,2024-06-02,8,43,3.0,0.5066,0.7149,1,0,WATCH,WATCH — Flag for Review
Cottage Cheese,Dairy,2024-11-14,13,276,20.0,0.0,0.2714,0,0,SAFE,SAFE  — No Action Needed
Muffins,Bakery,2023-12-18,2,362,91.0,0.356,0.8876,0,0,SAFE,SAFE  — No Action Needed
Salads,Ready_to_Eat,2023-07-02,3,295,82.0,0.0,0.0501,0,0,SAFE,SAFE  — No Action Needed
Smoothies,Beverages,2023-12-29,10,481,46.0,0.0,0.0124,0,0,SAFE,SAFE  — No Action Needed
Pastries,Bakery,2023-08-05,0,63,29.0,0.9641,0.3334,1,1,CRITICAL,ALERT — Discount + Notify Manager
Crab,Seafood,2023-12-10,4,24,11.0,0.0,0.3772,0,0,SAFE,SAFE  — No Action Needed
Yogurt,Dairy,2023-08-27,10,457,28.0,0.2584,0.8383,0,0,SAFE,SAFE  — No Action Needed
Wraps,Ready_to_Eat,2024-12-14,3,378,114.0,0.0,0.0187,0,0,SAFE,SAFE  — No Action Needed
Kombucha,Beverages,2024-09-21,19,43,2.0,0.0018,0.4197,0,0,SAFE,SAFE  — No Action Needed
Pork,Meat,2024-05-16,2,184,65.0,0.9724,0.6189,1,1,CRITICAL,ALERT — Discount + Notify Manager
Cream,Dairy,2023-05-13,6,323,29.0,0.261,0.7531,0,0,SAFE,SAFE  — No Action Needed
Bagels,Bakery,2023-07-29,2,227,66.0,0.0,0.0723,0,0,SAFE,SAFE  — No Action Needed
Cold Brew Coffee,Beverages,2024-10-01,8,315,35.0,0.0,0.0642,0,0,SAFE,SAFE  — No Action Needed
Pork,Meat,2024-07-23,5,166,23.0,0.3094,0.8107,0,1,SAFE,SAFE  — No Action Needed
Hummus,Deli,2023-07-24,3,445,123.0,0.0,0.3955,0,0,SAFE,SAFE  — No Action Needed
Turkey,Meat,2024-03-18,0,328,260.0,0.0,0.0596,0,0,SAFE,SAFE  — No Action Needed
Cold Brew Coffee,Beverages,2023-08-04,7,471,58.0,0.3485,0.9198,0,0,SAFE,SAFE  — No Action Needed
Bananas,Produce,2024-04-25,17,176,14.0,0.0,0.0937,0,0,SAFE,SAFE  — No Action Needed
Lettuce,Produce,2023-11-25,4,227,34.0,0.5106,0.8112,1,1,WATCH,WATCH — Flag for Review
Crab,Seafood,2024-11-30,3,149,38.0,0.0067,0.4036,0,0,SAFE,SAFE  — No Action Needed
Cream,Dairy,2024-09-19,8,240,48.0,0.0,0.0646,0,0,SAFE,SAFE  — No Action Needed
Sausages,Meat,2023-06-11,4,209,53.0,0.9952,0.7045,1,1,CRITICAL,ALERT — Discount + Notify Manager
Dips,Deli,2023-06-06,0,69,46.0,0.0,0.2411,0,0,SAFE,SAFE  — No Action Needed
Muffins,Bakery,2024-06-06,6,375,104.0,0.0,0.0157,0,0,SAFE,SAFE  — No Action Needed
Lamb,Meat,2023-07-27,3,185,29.0,0.3673,0.8611,0,0,SAFE,SAFE  — No Action Needed
Ground Beef,Meat,2024-03-27,3,122,45.0,0.0,0.2333,0,0,SAFE,SAFE  — No Action Needed
Frozen Vegetables,Frozen_Meals,2024-05-20,212,103,0.0,0.2576,0.8054,0,0,SAFE,SAFE  — No Action Needed
Shrimp,Seafood,2024-09-18,1,392,147.0,0.0049,0.7896,0,0,SAFE,SAFE  — No Action Needed
Antibiotics,Pharmaceuticals,2025-05-13,484,449,1.0,0.0,0.0098,0,0,SAFE,SAFE  — No Action Needed
Vaccines,Pharmaceuticals,2024-11-05,49,202,2.0,0.2945,0.7876,0,0,SAFE,SAFE  — No Action Needed
Donuts,Bakery,2023-02-27,0,115,76.0,0.0,0.1772,0,0,SAFE,SAFE  — No Action Needed
Croissants,Bakery,2023-03-07,2,486,135.0,0.0019,0.0621,0,0,SAFE,SAFE  — No Action Needed
Milk,Dairy,2023-04-22,15,117,6.0,0.2343,0.5488,0,0,SAFE,SAFE  — No Action Needed
Croissants,Bakery,2024-12-23,4,265,132.0,0.0,0.043,0,0,SAFE,SAFE  — No Action Needed
Cod,Seafood,2023-07-20,0,39,31.0,0.0,0.2043,0,0,SAFE,SAFE  — No Action Needed
Bread,Bakery,2023-05-26,1,89,58.0,0.5444,0.7906,1,0,WATCH,WATCH — Flag for Review
Croissants,Bakery,2023-07-04,0,69,57.0,0.0,0.1758,0,0,SAFE,SAFE  — No Action Needed
Avocados,Produce,2023-07-29,11,494,63.0,0.0,0.0084,0,0,SAFE,SAFE  — No Action Needed
Soups,Ready_to_Eat,2023-03-07,5,168,57.0,0.9846,0.6983,1,1,CRITICAL,ALERT — Discount + Notify Manager
Yogurt,Dairy,2024-07-03,11,238,21.0,0.0,0.0534,0,0,SAFE,SAFE  — No Action Needed
Fresh Juice,Beverages,2024-12-24,15,407,32.0,0.0,0.0081,0,0,SAFE,SAFE  — No Action Needed
Sour Cream,Dairy,2024-02-16,17,239,26.0,0.0,0.0522,0,0,SAFE,SAFE  — No Action Needed
Soups,Ready_to_Eat,2023-05-20,0,489,391.0,1.0,0.9546,1,1,CRITICAL,ALERT — Discount + Notify Manager
Frozen Dinners,Frozen_Meals,2025-07-04,229,438,0.0,0.9995,0.7947,1,1,CRITICAL,ALERT — Discount + Notify Manager
Milk,Dairy,2024-07-17,1,18,1.0,0.9948,0.832,1,1,CRITICAL,ALERT — Discount + Notify Manager
Cream,Dairy,2023-04-14,4,108,33.0,0.0,0.1261,0,0,SAFE,SAFE  — No Action Needed
Salads,Ready_to_Eat,2023-05-31,0,431,338.0,1.0,0.8762,1,1,CRITICAL,ALERT — Discount + Notify Manager
Butter,Dairy,2023-03-21,4,324,55.0,0.3399,0.8941,0,1,SAFE,SAFE  — No Action Needed
Donuts,Bakery,2024-05-26,4,219,48.0,0.4232,0.6223,0,0,WATCH,WATCH — Flag for Review
Probiotics,Pharmaceuticals,2024-04-07,348,34,0.0,0.3605,0.9021,0,0,SAFE,SAFE  — No Action Needed
Crab,Seafood,2023-03-15,0,84,30.0,0.9355,0.4028,1,1,CRITICAL,ALERT — Discount + Notify Manager
Fresh Juice,Beverages,2023-09-28,8,326,20.0,0.2586,0.9013,0,1,SAFE,SAFE  — No Action Needed
Ham,Deli,2024-06-22,0,410,201.0,0.9859,0.3095,1,1,CRITICAL,ALERT — Discount + Notify Manager
Donuts,Bakery,2024-02-09,1,82,64.0,0.0,0.3003,0,0,SAFE,SAFE  — No Action Needed
Butter,Dairy,2024-11-26,4,328,69.0,0.0,0.1995,0,0,SAFE,SAFE  — No Action Needed
Cakes,Bakery,2024-07-03,4,147,38.0,0.0,0.1303,0,0,SAFE,SAFE  — No Action Needed
Ham,Deli,2024-07-22,0,109,44.0,0.9882,0.3565,1,1,CRITICAL,ALERT — Discount + Notify Manager
Hummus,Deli,2024-11-16,11,441,46.0,0.9996,0.7928,1,1,CRITICAL,ALERT — Discount + Notify Manager
Hummus,Deli,2024-05-11,7,367,61.0,0.0,0.0159,0,0,SAFE,SAFE  — No Action Needed
Cold Brew Coffee,Beverages,2024-08-03,12,382,94.0,0.0,0.0221,0,0,SAFE,SAFE  — No Action Needed
Turkey,Meat,2023-03-26,4,302,88.0,0.0,0.0336,0,0,SAFE,SAFE  — No Action Needed
Biologics,Pharmaceuticals,2025-05-23,204,452,0.0,0.9993,0.8569,1,1,CRITICAL,ALERT — Discount + Notify Manager
Frozen Dinners,Frozen_Meals,2024-05-04,250,230,1.0,0.9914,0.4683,1,1,CRITICAL,ALERT — Discount + Notify Manager
Tuna,Seafood,2023-09-27,6,200,36.0,0.0,0.0676,0,0,SAFE,SAFE  — No Action Needed
Milk Alternatives,Beverages,2023-08-26,17,110,2.0,0.9988,0.9136,1,1,CRITICAL,ALERT — Discount + Notify Manager
Biologics,Pharmaceuticals,2024-11-02,580,125,0.0,0.3981,0.8411,0,0,SAFE,SAFE  — No Action Needed
Insulin,Pharmaceuticals,2024-04-30,41,489,16.0,0.0,0.004,0,0,SAFE,SAFE  — No Action Needed
Cod,Seafood,2024-05-09,0,306,214.0,0.0,0.0462,0,0,SAFE,SAFE  — No Action Needed
Ground Beef,Meat,2023-07-29,8,423,66.0,0.0,0.0101,0,0,SAFE,SAFE  — No Action Needed
Sushi,Ready_to_Eat,2024-04-19,0,57,14.0,0.9847,0.7626,1,1,CRITICAL,ALERT — Discount + Notify Manager
Kombucha,Beverages,2023-01-23,17,188,8.0,0.2823,0.4993,0,0,SAFE,SAFE  — No Action Needed
Biologics,Pharmaceuticals,2025-09-22,414,291,0.0,0.2459,0.8476,0,1,SAFE,SAFE  — No Action Needed
Turkey Slices,Deli,2023-04-18,7,67,19.0,0.0,0.2756,0,0,SAFE,SAFE  — No Action Needed
Lamb,Meat,2024-09-09,4,68,16.0,0.0033,0.5048,0,0,SAFE,SAFE  — No Action Needed
Pizza,Frozen_Meals,2025-06-20,168,421,4.0,0.0,0.0099,0,0,SAFE,SAFE  — No Action Needed
Yogurt,Dairy,2023-09-18,22,370,14.0,0.3045,0.8286,0,0,SAFE,SAFE  — No Action Needed
Yogurt,Dairy,2024-12-14,23,456,15.0,0.2935,0.9418,0,0,SAFE,SAFE  — No Action Needed
Prepared Salads,Deli,2024-08-13,8,163,33.0,0.0,0.0814,0,0,SAFE,SAFE  — No Action Needed
Vaccines,Pharmaceuticals,2025-03-05,260,419,1.0,0.2288,0.8072,0,0,SAFE,SAFE  — No Action Needed
Cakes,Bakery,2023-03-05,1,494,366.0,0.0095,0.0584,0,0,SAFE,SAFE  — No Action Needed
Bananas,Produce,2024-07-22,16,312,33.0,0.0,0.0367,0,0,SAFE,SAFE  — No Action Needed
Fresh Juice,Beverages,2023-11-11,17,156,14.0,0.0,0.1006,0,0,SAFE,SAFE  — No Action Needed
Ground Beef,Meat,2024-08-18,2,93,28.0,0.3008,0.7154,0,0,SAFE,SAFE  — No Action Needed
Sour Cream,Dairy,2024-11-14,7,58,8.0,0.0,0.2973,0,0,SAFE,SAFE  — No Action Needed
Prepared Salads,Deli,2024-02-29,6,71,14.0,0.0,0.137,0,0,SAFE,SAFE  — No Action Needed
Ham,Deli,2023-09-14,8,480,63.0,0.0,0.0869,0,0,SAFE,SAFE  — No Action Needed
Ham,Deli,2023-07-23,7,482,83.0,0.0,0.0093,0,0,SAFE,SAFE  — No Action Needed
Salads,Ready_to_Eat,2023-09-11,2,54,23.0,0.0049,0.4952,0,0,SAFE,SAFE  — No Action Needed
Donuts,Bakery,2023-08-16,0,104,56.0,0.9923,0.6357,1,1,CRITICAL,ALERT — Discount + Notify Manager
Frozen Dinners,Frozen_Meals,2024-11-21,60,438,21.0,0.0,0.0092,0,0,SAFE,SAFE  — No Action Needed
Tuna,Seafood,2024-02-08,0,140,126.0,0.0,0.1383,0,0,SAFE,SAFE  — No Action Needed
Croissants,Bakery,2024-12-15,1,448,315.0,0.9854,0.8972,1,1,CRITICAL,ALERT — Discount + Notify Manager
Pizza,Frozen_Meals,2024-09-29,51,187,4.0,0.0,0.0777,0,0,SAFE,SAFE  — No Action Needed
Lettuce,Produce,2024-06-24,4,65,32.0,0.0,0.1627,0,0,SAFE,SAFE  — No Action Needed
Crab,Seafood,2024-05-22,1,13,5.0,0.0071,0.4828,0,0,SAFE,SAFE  — No Action Needed
Bananas,Produce,2023-10-31,8,57,8.0,0.0,0.1606,0,0,SAFE,SAFE  — No Action Needed
Turkey Slices,Deli,2024-11-19,8,10,2.0,0.0,0.291,0,0,SAFE,SAFE  — No Action Needed
Cream,Dairy,2024-06-12,10,476,68.0,0.0,0.0089,0,0,SAFE,SAFE  — No Action Needed
Prepared Salads,Deli,2024-03-29,9,298,30.0,0.0,0.0337,0,0,SAFE,SAFE  — No Action Needed
Soups,Ready_to_Eat,2024-12-19,1,146,63.0,0.9709,0.9386,1,1,CRITICAL,ALERT — Discount + Notify Manager
Insulin,Pharmaceuticals,2025-10-19,545,221,1.0,0.9961,0.3364,1,1,CRITICAL,ALERT — Discount + Notify Manager
Turkey Slices,Deli,2024-06-24,8,59,14.0,0.0,0.2134,0,0,SAFE,SAFE  — No Action Needed
Lamb,Meat,2024-07-05,4,104,25.0,0.0,0.1641,0,0,SAFE,SAFE  — No Action Needed
Tuna,Seafood,2023-10-08,1,331,289.0,0.2846,0.8872,0,0,SAFE,SAFE  — No Action Needed
Bananas,Produce,2023-04-17,17,168,9.0,0.0,0.4896,0,0,SAFE,SAFE  — No Action Needed
Ham,Deli,2024-04-10,11,63,11.0,0.0,0.2015,0,0,SAFE,SAFE  — No Action Needed
Chicken,Meat,2023-12-28,2,179,68.0,0.9917,0.7811,1,1,CRITICAL,ALERT — Discount + Notify Manager
Butter,Dairy,2024-06-17,12,262,21.0,0.9705,0.5487,1,1,CRITICAL,ALERT — Discount + Notify Manager
Wraps,Ready_to_Eat,2023-11-27,0,300,568.0,1.0,0.91,1,1,CRITICAL,ALERT — Discount + Notify Manager
Milk,Dairy,2024-12-30,23,22,0.0,0.6567,0.9099,1,0,WATCH,WATCH — Flag for Review
Eye Drops,Pharmaceuticals,2025-01-05,87,283,6.0,0.0,0.0234,0,0,SAFE,SAFE  — No Action Needed
Insulin,Pharmaceuticals,2025-01-13,172,54,0.0,0.3299,0.8694,0,0,SAFE,SAFE  — No Action Needed
Cheese,Dairy,2024-11-27,11,442,29.0,0.0,0.0576,0,0,SAFE,SAFE  — No Action Needed
Avocados,Produce,2023-11-28,4,139,31.0,0.0,0.0892,0,0,SAFE,SAFE  — No Action Needed
Turkey Slices,Deli,2024-04-20,5,148,51.0,0.0,0.096,0,0,SAFE,SAFE  — No Action Needed
Vaccines,Pharmaceuticals,2025-01-07,393,67,6.0,0.9164,0.3944,1,1,CRITICAL,ALERT — Discount + Notify Manager
Ice Cream,Frozen_Meals,2024-10-23,50,156,2.0,0.2465,0.515,0,1,SAFE,SAFE  — No Action Needed
Sushi,Ready_to_Eat,2023-02-21,3,257,172.0,0.0,0.13,0,0,SAFE,SAFE  — No Action Needed
Salami,Deli,2023-07-21,3,214,66.0,0.0,0.1748,0,0,SAFE,SAFE  — No Action Needed
Wraps,Ready_to_Eat,2024-04-23,3,189,60.0,0.0058,0.1256,0,0,SAFE,SAFE  — No Action Needed
Turkey Slices,Deli,2023-11-08,3,98,46.0,0.0,0.1965,0,0,SAFE,SAFE  — No Action Needed
Wraps,Ready_to_Eat,2024-07-10,4,464,228.0,0.997,0.8473,1,1,CRITICAL,ALERT — Discount + Notify Manager
Vaccines,Pharmaceuticals,2026-01-08,562,127,2.0,0.0,0.0673,0,0,SAFE,SAFE  — No Action Needed
Tomatoes,Produce,2024-01-03,3,235,24.0,0.9635,0.995,1,1,CRITICAL,ALERT — Discount + Notify Manager
Cold Brew Coffee,Beverages,2023-04-30,6,428,67.0,0.0,0.1756,0,0,SAFE,SAFE  — No Action Needed
Salmon,Seafood,2024-06-22,1,374,224.0,0.3142,0.9321,0,0,SAFE,SAFE  — No Action Needed
Cold Brew Coffee,Beverages,2024-10-28,21,395,13.0,0.2643,0.715,0,0,SAFE,SAFE  — No Action Needed
Avocados,Produce,2024-06-30,6,85,15.0,0.9875,0.5867,1,1,CRITICAL,ALERT — Discount + Notify Manager
Pastries,Bakery,2023-05-30,4,406,122.0,0.0,0.0193,0,0,SAFE,SAFE  — No Action Needed
Kombucha,Beverages,2023-02-28,20,373,12.0,0.0112,0.6782,0,0,SAFE,SAFE  — No Action Needed
Shrimp,Seafood,2024-09-01,2,485,112.0,0.9574,0.8601,1,1,CRITICAL,ALERT — Discount + Notify Manager
Probiotics,Pharmaceuticals,2024-10-18,178,38,0.0,0.2407,0.8194,0,0,SAFE,SAFE  — No Action Needed
Butter,Dairy,2024-04-12,8,229,21.0,0.2721,0.7723,0,0,SAFE,SAFE  — No Action Needed
Fresh Juice,Beverages,2023-08-23,21,307,32.0,0.0,0.0201,0,0,SAFE,SAFE  — No Action Needed
Smoothies,Beverages,2023-03-13,15,162,11.0,0.0,0.4449,0,0,SAFE,SAFE  — No Action Needed
Muffins,Bakery,2024-04-01,2,242,53.0,0.3633,0.8883,0,0,SAFE,SAFE  — No Action Needed
Cold Brew Coffee,Beverages,2023-04-26,7,237,24.0,0.2598,0.9056,0,0,SAFE,SAFE  — No Action Needed
Avocados,Produce,2024-11-06,13,27,0.0,0.9635,0.8811,1,1,CRITICAL,ALERT — Discount + Notify Manager
Salmon,Seafood,2023-05-14,1,154,84.0,0.0,0.2183,0,0,SAFE,SAFE  — No Action Needed
Bagels,Bakery,2023-08-18,0,173,129.0,0.0,0.1323,0,0,SAFE,SAFE  — No Action Needed
Tuna,Seafood,2024-02-08,3,439,121.0,0.9768,0.7854,1,1,CRITICAL,ALERT — Discount + Notify Manager
Fresh Juice,Beverages,2023-11-05,11,112,6.0,0.0,0.4279,0,0,SAFE,SAFE  — No Action Needed
Ham,Deli,2023-02-18,11,389,62.0,0.0,0.0193,0,0,SAFE,SAFE  — No Action Needed
Prepared Salads,Deli,2024-03-15,4,46,9.0,0.0,0.3146,0,0,SAFE,SAFE  — No Action Needed
Bananas,Produce,2024-08-31,12,187,21.0,0.0,0.0585,0,0,SAFE,SAFE  — No Action Needed
Biologics,Pharmaceuticals,2023-08-22,158,63,2.0,0.9968,0.5853,1,1,CRITICAL,ALERT — Discount + Notify Manager
Tilapia,Seafood,2023-04-18,3,179,47.0,0.0,0.1676,0,0,SAFE,SAFE  — No Action Needed
Vaccines,Pharmaceuticals,2025-02-17,216,118,2.0,0.0,0.0877,0,0,SAFE,SAFE  — No Action Needed
Probiotics,Pharmaceuticals,2026-05-02,586,91,0.0,0.2811,0.7742,0,0,SAFE,SAFE  — No Action Needed
Milk Alternatives,Beverages,2024-11-13,18,306,18.0,0.0,0.0414,0,0,SAFE,SAFE  — No Action Needed
Sausages,Meat,2024-08-25,6,177,19.0,0.0,0.2594,0,0,SAFE,SAFE  — No Action Needed
Bread,Bakery,2023-01-22,3,231,82.0,0.0,0.0739,0,0,SAFE,SAFE  — No Action Needed
Prepared Salads,Deli,2023-02-23,6,452,68.0,0.989,0.8093,1,0,CRITICAL,ALERT — Discount + Notify Manager
Lobster,Seafood,2024-08-24,4,294,82.0,0.0,0.0522,0,0,SAFE,SAFE  — No Action Needed
Fresh Juice,Beverages,2023-06-09,16,364,17.0,0.3089,0.8222,0,0,SAFE,SAFE  — No Action Needed
Antibiotics,Pharmaceuticals,2025-11-03,384,133,1.0,0.0,0.1036,0,0,SAFE,SAFE  — No Action Needed
Cod,Seafood,2024-06-07,0,284,226.0,0.9982,0.843,1,1,CRITICAL,ALERT — Discount + Notify Manager
Shrimp,Seafood,2024-01-17,2,317,121.0,0.0,0.0328,0,0,SAFE,SAFE  — No Action Needed
Smoothies,Beverages,2023-12-16,16,440,28.0,0.0,0.0134,0,0,SAFE,SAFE  — No Action Needed
Pizza,Frozen_Meals,2023-12-24,55,206,4.0,0.9726,0.6411,1,1,CRITICAL,ALERT — Discount + Notify Manager
Bread,Bakery,2023-07-14,4,31,11.0,0.8449,0.5323,1,1,CRITICAL,ALERT — Discount + Notify Manager
Frozen Desserts,Frozen_Meals,2023-10-06,88,415,8.0,0.0,0.011,0,0,SAFE,SAFE  — No Action Needed
Tilapia,Seafood,2024-11-05,4,475,162.0,0.0,0.0092,0,0,SAFE,SAFE  — No Action Needed
Avocados,Produce,2023-06-26,18,379,26.0,0.9951,0.7264,1,1,CRITICAL,ALERT — Discount + Notify Manager
Lamb,Meat,2023-10-16,7,239,33.0,0.0,0.057,0,0,SAFE,SAFE  — No Action Needed
Antibiotics,Pharmaceuticals,2024-09-12,221,84,1.0,0.0,0.1153,0,0,SAFE,SAFE  — No Action Needed
Tomatoes,Produce,2024-01-16,12,98,5.0,0.0,0.4201,0,0,SAFE,SAFE  — No Action Needed
Turkey,Meat,2023-02-03,6,181,33.0,0.0,0.1514,0,0,SAFE,SAFE  — No Action Needed
Fresh Juice,Beverages,2024-04-17,4,443,72.0,0.0,0.3115,0,0,SAFE,SAFE  — No Action Needed
Frozen Dinners,Frozen_Meals,2023-12-30,245,450,0.0,0.9995,0.7917,1,1,CRITICAL,ALERT — Discount + Notify Manager
Bananas,Produce,2024-06-22,14,189,9.0,0.3478,0.6657,0,1,SAFE,SAFE  — No Action Needed
Tomatoes,Produce,2024-10-11,13,380,45.0,0.0,0.0211,0,0,SAFE,SAFE  — No Action Needed
Cream,Dairy,2024-04-20,5,416,115.0,0.9989,0.8135,1,1,CRITICAL,ALERT — Discount + Notify Manager
Frozen Dinners,Frozen_Meals,2024-04-04,84,500,10.0,0.0,0.0034,0,0,SAFE,SAFE  — No Action Needed
Cottage Cheese,Dairy,2023-12-14,17,57,3.0,0.0,0.203,0,0,SAFE,SAFE  — No Action Needed
Milk,Dairy,2023-06-23,23,389,31.0,0.0,0.0144,0,0,SAFE,SAFE  — No Action Needed
Crab,Seafood,2024-12-17,3,394,98.0,0.0031,0.7455,0,0,SAFE,SAFE  — No Action Needed
Lettuce,Produce,2024-01-25,0,220,80.0,0.9763,0.2847,1,1,CRITICAL,ALERT — Discount + Notify Manager
Turkey Slices,Deli,2023-11-15,11,379,48.0,0.0,0.0198,0,0,SAFE,SAFE  — No Action Needed
Milk,Dairy,2023-09-21,19,268,10.0,0.1576,0.8188,0,0,SAFE,SAFE  — No Action Needed
Bananas,Produce,2023-03-28,8,222,26.0,0.0,0.0716,0,0,SAFE,SAFE  — No Action Needed
Vaccines,Pharmaceuticals,2024-12-20,191,44,1.0,0.0,0.2185,0,0,SAFE,SAFE  — No Action Needed
Ham,Deli,2023-09-22,10,445,41.0,0.0,0.0076,0,0,SAFE,SAFE  — No Action Needed
Soups,Ready_to_Eat,2023-11-18,0,80,116.0,0.0,0.2087,0,0,SAFE,SAFE  — No Action Needed
Tuna,Seafood,2024-12-20,7,429,78.0,0.9922,0.8737,1,1,CRITICAL,ALERT — Discount + Notify Manager
Ham,Deli,2023-11-30,5,414,64.0,0.0008,0.6436,0,0,SAFE,SAFE  — No Action Needed
Tomatoes,Produce,2023-10-21,3,86,36.0,0.9785,0.7214,1,1,CRITICAL,ALERT — Discount + Notify Manager
Croissants,Bakery,2023-12-24,5,429,127.0,0.0,0.0152,0,0,SAFE,SAFE  — No Action Needed
Berries,Produce,2023-02-20,11,194,22.0,0.0,0.0568,0,0,SAFE,SAFE  — No Action Needed
Turkey,Meat,2023-02-10,9,144,16.0,0.0,0.0794,0,0,SAFE,SAFE  — No Action Needed
Hummus,Deli,2024-12-25,8,200,31.0,0.0,0.1092,0,0,SAFE,SAFE  — No Action Needed
Bananas,Produce,2024-07-07,7,276,70.0,0.0,0.0562,0,0,SAFE,SAFE  — No Action Needed
Berries,Produce,2023-08-20,17,473,32.0,0.0,0.0234,0,0,SAFE,SAFE  — No Action Needed
Ice Cream,Frozen_Meals,2025-01-18,185,241,3.0,0.9832,0.4992,1,1,CRITICAL,ALERT — Discount + Notify Manager
Bananas,Produce,2024-11-29,5,498,98.0,0.9883,0.8514,1,1,CRITICAL,ALERT — Discount + Notify Manager
Berries,Produce,2023-07-04,19,480,46.0,0.0,0.0058,0,0,SAFE,SAFE  — No Action Needed
Croissants,Bakery,2023-01-22,2,64,25.0,0.0,0.2018,0,0,SAFE,SAFE  — No Action Needed
Antibiotics,Pharmaceuticals,2024-06-01,489,400,1.0,0.0,0.0068,0,0,SAFE,SAFE  — No Action Needed
Muffins,Bakery,2023-09-27,3,137,26.0,0.2909,0.7764,0,0,SAFE,SAFE  — No Action Needed
Apples,Produce,2023-04-10,1,469,175.0,0.9955,0.9962,1,1,CRITICAL,ALERT — Discount + Notify Manager
Lettuce,Produce,2024-07-25,3,90,32.0,0.0,0.1886,0,0,SAFE,SAFE  — No Action Needed
Salads,Ready_to_Eat,2024-02-05,0,55,53.0,0.9979,0.6478,1,1,CRITICAL,ALERT — Discount + Notify Manager
Prepared Salads,Deli,2023-04-12,4,62,16.0,0.0,0.2084,0,0,SAFE,SAFE  — No Action Needed
Sushi,Ready_to_Eat,2023-10-04,0,172,69.0,0.9469,0.1005,1,1,CRITICAL,ALERT — Discount + Notify Manager
Bananas,Produce,2024-03-24,18,342,12.0,0.3049,0.8494,0,1,SAFE,SAFE  — No Action Needed
Ice Cream,Frozen_Meals,2023-10-05,232,354,2.0,0.0,0.0164,0,0,SAFE,SAFE  — No Action Needed
Prepared Salads,Deli,2024-09-16,8,368,55.0,0.0,0.0294,0,0,SAFE,SAFE  — No Action Needed
Frozen Vegetables,Frozen_Meals,2024-08-02,164,437,2.0,0.9428,0.4478,1,1,CRITICAL,ALERT — Discount + Notify Manager
Bananas,Produce,2023-06-18,9,428,49.0,0.0033,0.6678,0,0,SAFE,SAFE  — No Action Needed
Frozen Desserts,Frozen_Meals,2025-05-14,347,487,1.0,0.2015,0.337,0,0,SAFE,SAFE  — No Action Needed
Milk Alternatives,Beverages,2024-08-09,17,192,19.0,0.9932,0.5054,1,1,CRITICAL,ALERT — Discount + Notify Manager
Pizza,Frozen_Meals,2024-05-27,324,334,1.0,0.9708,0.3103,1,1,CRITICAL,ALERT — Discount + Notify Manager
Sausages,Meat,2023-07-21,3,279,66.0,0.4033,0.8545,0,0,WATCH,WATCH — Flag for Review
Dips,Deli,2024-05-04,3,411,110.0,0.0,0.4002,0,0,SAFE,SAFE  — No Action Needed
Sausages,Meat,2024-10-21,5,432,65.0,0.0,0.0298,0,0,SAFE,SAFE  — No Action Needed
Chicken,Meat,2024-11-11,4,49,6.0,0.0,0.3548,0,0,SAFE,SAFE  — No Action Needed
Bagels,Bakery,2024-09-28,5,440,158.0,0.0,0.0152,0,0,SAFE,SAFE  — No Action Needed
Avocados,Produce,2023-09-05,16,135,12.0,0.0,0.1828,0,0,SAFE,SAFE  — No Action Needed
Donuts,Bakery,2023-11-10,5,92,27.0,0.9903,0.6545,1,1,CRITICAL,ALERT — Discount + Notify Manager
Avocados,Produce,2024-04-19,9,269,25.0,0.9853,0.7642,1,1,CRITICAL,ALERT — Discount + Notify Manager
Kombucha,Beverages,2023-12-06,17,278,12.0,0.0,0.0661,0,0,SAFE,SAFE  — No Action Needed
Milk Alternatives,Beverages,2024-12-14,8,260,21.0,0.9709,0.7261,1,1,CRITICAL,ALERT — Discount + Notify Manager
Vaccines,Pharmaceuticals,2024-02-04,21,105,7.0,0.0,0.1546,0,0,SAFE,SAFE  — No Action Needed
Frozen Vegetables,Frozen_Meals,2024-11-02,238,453,0.0,0.9995,0.7942,1,1,CRITICAL,ALERT — Discount + Notify Manager
Cottage Cheese,Dairy,2023-08-19,19,247,9.0,0.0,0.1064,0,0,SAFE,SAFE  — No Action Needed
Milk,Dairy,2024-07-01,14,477,39.0,0.0,0.0595,0,0,SAFE,SAFE  — No Action Needed
Tilapia,Seafood,2023-12-06,2,482,235.0,0.0,0.0109,0,0,SAFE,SAFE  — No Action Needed
Wraps,Ready_to_Eat,2023-05-25,3,166,80.0,0.0,0.101,0,0,SAFE,SAFE  — No Action Needed
Cheese,Dairy,2023-07-27,21,127,7.0,0.0033,0.2122,0,0,SAFE,SAFE  — No Action Needed
Frozen Dinners,Frozen_Meals,2024-06-08,274,393,1.0,0.3397,0.2301,0,0,SAFE,SAFE  — No Action Needed
Bagels,Bakery,2023-10-16,6,279,69.0,0.9986,0.7255,1,1,CRITICAL,ALERT — Discount + Notify Manager
Fresh Pasta,Ready_to_Eat,2023-10-23,0,215,379.0,0.0,0.2103,0,0,SAFE,SAFE  — No Action Needed
Frozen Desserts,Frozen_Meals,2025-08-27,268,317,2.0,0.0,0.0154,0,0,SAFE,SAFE  — No Action Needed
